asset,variant,status,error,warnings,limitations,camera,source
ABeautifulGame,glTF-Binary,rendered,,,,fitted,https://github.com/KhronosGroup/glTF-Sample-Assets/tree/c6a6bd13ab2b3c685c7903d03561b8a9392f38b8/Models/ABeautifulGame
AlphaBlendModeTest,glTF-Binary,rendered,,,,fitted,https://github.com/KhronosGroup/glTF-Sample-Assets/tree/c6a6bd13ab2b3c685c7903d03561b8a9392f38b8/Models/AlphaBlendModeTest
AnimatedColorsCube,glTF-Binary,rendered,,,,fitted,https://github.com/KhronosGroup/glTF-Sample-Assets/tree/c6a6bd13ab2b3c685c7903d03561b8a9392f38b8/Models/AnimatedColorsCube
AnimatedCube,glTF,rendered,,,,fitted,https://github.com/KhronosGroup/glTF-Sample-Assets/tree/c6a6bd13ab2b3c685c7903d03561b8a9392f38b8/Models/AnimatedCube
AnimatedMorphCube,glTF-Binary,rendered,,,,fitted,https://github.com/KhronosGroup/glTF-Sample-Assets/tree/c6a6bd13ab2b3c685c7903d03561b8a9392f38b8/Models/AnimatedMorphCube
AnimatedTriangle,glTF,rendered,,,,fitted,https://github.com/KhronosGroup/glTF-Sample-Assets/tree/c6a6bd13ab2b3c685c7903d03561b8a9392f38b8/Models/AnimatedTriangle
AnimationPointerUVs,glTF-Binary,error,AssetError: Invalid glTF asset: Duplicate animation pointer target,,,,https://github.com/KhronosGroup/glTF-Sample-Assets/tree/c6a6bd13ab2b3c685c7903d03561b8a9392f38b8/Models/AnimationPointerUVs
AnisotropyBarnLamp,glTF-Binary,rendered,,,,fitted,https://github.com/KhronosGroup/glTF-Sample-Assets/tree/c6a6bd13ab2b3c685c7903d03561b8a9392f38b8/Models/AnisotropyBarnLamp
AnisotropyDiscTest,glTF-Binary,rendered,,,,fitted,https://github.com/KhronosGroup/glTF-Sample-Assets/tree/c6a6bd13ab2b3c685c7903d03561b8a9392f38b8/Models/AnisotropyDiscTest
AnisotropyRotationTest,glTF-Binary,rendered,,,,fitted,https://github.com/KhronosGroup/glTF-Sample-Assets/tree/c6a6bd13ab2b3c685c7903d03561b8a9392f38b8/Models/AnisotropyRotationTest
AnisotropyStrengthTest,glTF-Binary,rendered,,,,fitted,https://github.com/KhronosGroup/glTF-Sample-Assets/tree/c6a6bd13ab2b3c685c7903d03561b8a9392f38b8/Models/AnisotropyStrengthTest
AntiqueCamera,glTF-Binary,rendered,,,,fitted,https://github.com/KhronosGroup/glTF-Sample-Assets/tree/c6a6bd13ab2b3c685c7903d03561b8a9392f38b8/Models/AntiqueCamera
AttenuationTest,glTF-Binary,rendered,,,,fitted,https://github.com/KhronosGroup/glTF-Sample-Assets/tree/c6a6bd13ab2b3c685c7903d03561b8a9392f38b8/Models/AttenuationTest
Avocado,glTF-Binary,rendered,,,,fitted,https://github.com/KhronosGroup/glTF-Sample-Assets/tree/c6a6bd13ab2b3c685c7903d03561b8a9392f38b8/Models/Avocado
BarramundiFish,glTF-Binary,rendered,,,,fitted,https://github.com/KhronosGroup/glTF-Sample-Assets/tree/c6a6bd13ab2b3c685c7903d03561b8a9392f38b8/Models/BarramundiFish
BoomBox,glTF-Binary,rendered,,,,fitted,https://github.com/KhronosGroup/glTF-Sample-Assets/tree/c6a6bd13ab2b3c685c7903d03561b8a9392f38b8/Models/BoomBox
BoomBoxWithAxes,glTF,rendered,,,,fitted,https://github.com/KhronosGroup/glTF-Sample-Assets/tree/c6a6bd13ab2b3c685c7903d03561b8a9392f38b8/Models/BoomBoxWithAxes
Box,glTF-Binary,rendered,,,,fitted,https://github.com/KhronosGroup/glTF-Sample-Assets/tree/c6a6bd13ab2b3c685c7903d03561b8a9392f38b8/Models/Box
Box With Spaces,glTF,rendered,,,,fitted,https://github.com/KhronosGroup/glTF-Sample-Assets/tree/c6a6bd13ab2b3c685c7903d03561b8a9392f38b8/Models/Box With Spaces
BoxAnimated,glTF-Binary,rendered,,,,fitted,https://github.com/KhronosGroup/glTF-Sample-Assets/tree/c6a6bd13ab2b3c685c7903d03561b8a9392f38b8/Models/BoxAnimated
BoxInterleaved,glTF-Binary,rendered,,,,fitted,https://github.com/KhronosGroup/glTF-Sample-Assets/tree/c6a6bd13ab2b3c685c7903d03561b8a9392f38b8/Models/BoxInterleaved
BoxTextured,glTF-Binary,rendered,,,,fitted,https://github.com/KhronosGroup/glTF-Sample-Assets/tree/c6a6bd13ab2b3c685c7903d03561b8a9392f38b8/Models/BoxTextured
BoxTexturedNonPowerOfTwo,glTF-Binary,rendered,,,,fitted,https://github.com/KhronosGroup/glTF-Sample-Assets/tree/c6a6bd13ab2b3c685c7903d03561b8a9392f38b8/Models/BoxTexturedNonPowerOfTwo
BoxVertexColors,glTF-Binary,rendered,,,,fitted,https://github.com/KhronosGroup/glTF-Sample-Assets/tree/c6a6bd13ab2b3c685c7903d03561b8a9392f38b8/Models/BoxVertexColors
BrainStem,glTF-Binary,rendered,,,,fitted,https://github.com/KhronosGroup/glTF-Sample-Assets/tree/c6a6bd13ab2b3c685c7903d03561b8a9392f38b8/Models/BrainStem
Cameras,glTF,rendered,,,,fitted,https://github.com/KhronosGroup/glTF-Sample-Assets/tree/c6a6bd13ab2b3c685c7903d03561b8a9392f38b8/Models/Cameras
CarConcept,glTF-Binary,rendered,,,,fitted,https://github.com/KhronosGroup/glTF-Sample-Assets/tree/c6a6bd13ab2b3c685c7903d03561b8a9392f38b8/Models/CarConcept
CarbonFibre,glTF-Binary,rendered,,,,fitted,https://github.com/KhronosGroup/glTF-Sample-Assets/tree/c6a6bd13ab2b3c685c7903d03561b8a9392f38b8/Models/CarbonFibre
CesiumMan,glTF-Binary,rendered,,,,fitted,https://github.com/KhronosGroup/glTF-Sample-Assets/tree/c6a6bd13ab2b3c685c7903d03561b8a9392f38b8/Models/CesiumMan
CesiumMilkTruck,glTF-Binary,rendered,,,,fitted,https://github.com/KhronosGroup/glTF-Sample-Assets/tree/c6a6bd13ab2b3c685c7903d03561b8a9392f38b8/Models/CesiumMilkTruck
ChairDamaskPurplegold,glTF-Binary,rendered,,,,fitted,https://github.com/KhronosGroup/glTF-Sample-Assets/tree/c6a6bd13ab2b3c685c7903d03561b8a9392f38b8/Models/ChairDamaskPurplegold
ChronographWatch,glTF-Binary,rendered,,,,fitted,https://github.com/KhronosGroup/glTF-Sample-Assets/tree/c6a6bd13ab2b3c685c7903d03561b8a9392f38b8/Models/ChronographWatch
ClearCoatCarPaint,glTF-Binary,rendered,,,,fitted,https://github.com/KhronosGroup/glTF-Sample-Assets/tree/c6a6bd13ab2b3c685c7903d03561b8a9392f38b8/Models/ClearCoatCarPaint
ClearCoatTest,glTF-Binary,rendered,,,,fitted,https://github.com/KhronosGroup/glTF-Sample-Assets/tree/c6a6bd13ab2b3c685c7903d03561b8a9392f38b8/Models/ClearCoatTest
ClearcoatWicker,glTF-Binary,rendered,,,,fitted,https://github.com/KhronosGroup/glTF-Sample-Assets/tree/c6a6bd13ab2b3c685c7903d03561b8a9392f38b8/Models/ClearcoatWicker
CommercialRefrigerator,glTF-Binary,rendered,,,,fitted,https://github.com/KhronosGroup/glTF-Sample-Assets/tree/c6a6bd13ab2b3c685c7903d03561b8a9392f38b8/Models/CommercialRefrigerator
CompareAlphaCoverage,glTF-Binary,rendered,,,,fitted,https://github.com/KhronosGroup/glTF-Sample-Assets/tree/c6a6bd13ab2b3c685c7903d03561b8a9392f38b8/Models/CompareAlphaCoverage
CompareAmbientOcclusion,glTF-Binary,rendered,,,,fitted,https://github.com/KhronosGroup/glTF-Sample-Assets/tree/c6a6bd13ab2b3c685c7903d03561b8a9392f38b8/Models/CompareAmbientOcclusion
CompareAnisotropy,glTF-Binary,rendered,,,,fitted,https://github.com/KhronosGroup/glTF-Sample-Assets/tree/c6a6bd13ab2b3c685c7903d03561b8a9392f38b8/Models/CompareAnisotropy
CompareBaseColor,glTF-Binary,rendered,,,,fitted,https://github.com/KhronosGroup/glTF-Sample-Assets/tree/c6a6bd13ab2b3c685c7903d03561b8a9392f38b8/Models/CompareBaseColor
CompareClearcoat,glTF-Binary,rendered,,,,fitted,https://github.com/KhronosGroup/glTF-Sample-Assets/tree/c6a6bd13ab2b3c685c7903d03561b8a9392f38b8/Models/CompareClearcoat
CompareDispersion,glTF-Binary,rendered,,,,fitted,https://github.com/KhronosGroup/glTF-Sample-Assets/tree/c6a6bd13ab2b3c685c7903d03561b8a9392f38b8/Models/CompareDispersion
CompareEmissiveStrength,glTF-Binary,rendered,,,,fitted,https://github.com/KhronosGroup/glTF-Sample-Assets/tree/c6a6bd13ab2b3c685c7903d03561b8a9392f38b8/Models/CompareEmissiveStrength
CompareIor,glTF-Binary,rendered,,,,fitted,https://github.com/KhronosGroup/glTF-Sample-Assets/tree/c6a6bd13ab2b3c685c7903d03561b8a9392f38b8/Models/CompareIor
CompareIridescence,glTF-Binary,rendered,,,,fitted,https://github.com/KhronosGroup/glTF-Sample-Assets/tree/c6a6bd13ab2b3c685c7903d03561b8a9392f38b8/Models/CompareIridescence
CompareMetallic,glTF-Binary,rendered,,,,fitted,https://github.com/KhronosGroup/glTF-Sample-Assets/tree/c6a6bd13ab2b3c685c7903d03561b8a9392f38b8/Models/CompareMetallic
CompareNormal,glTF-Binary,rendered,,,,fitted,https://github.com/KhronosGroup/glTF-Sample-Assets/tree/c6a6bd13ab2b3c685c7903d03561b8a9392f38b8/Models/CompareNormal
CompareRoughness,glTF-Binary,rendered,,,,fitted,https://github.com/KhronosGroup/glTF-Sample-Assets/tree/c6a6bd13ab2b3c685c7903d03561b8a9392f38b8/Models/CompareRoughness
CompareSheen,glTF-Binary,rendered,,,,fitted,https://github.com/KhronosGroup/glTF-Sample-Assets/tree/c6a6bd13ab2b3c685c7903d03561b8a9392f38b8/Models/CompareSheen
CompareSpecular,glTF-Binary,rendered,,,,fitted,https://github.com/KhronosGroup/glTF-Sample-Assets/tree/c6a6bd13ab2b3c685c7903d03561b8a9392f38b8/Models/CompareSpecular
CompareTransmission,glTF-Binary,rendered,,,,fitted,https://github.com/KhronosGroup/glTF-Sample-Assets/tree/c6a6bd13ab2b3c685c7903d03561b8a9392f38b8/Models/CompareTransmission
CompareVolume,glTF-Binary,rendered,,,,fitted,https://github.com/KhronosGroup/glTF-Sample-Assets/tree/c6a6bd13ab2b3c685c7903d03561b8a9392f38b8/Models/CompareVolume
Corset,glTF-Binary,rendered,,,,fitted,https://github.com/KhronosGroup/glTF-Sample-Assets/tree/c6a6bd13ab2b3c685c7903d03561b8a9392f38b8/Models/Corset
Cube,glTF,rendered,,,,fitted,https://github.com/KhronosGroup/glTF-Sample-Assets/tree/c6a6bd13ab2b3c685c7903d03561b8a9392f38b8/Models/Cube
CubeVisibility,glTF-Binary,rendered,,,,fitted,https://github.com/KhronosGroup/glTF-Sample-Assets/tree/c6a6bd13ab2b3c685c7903d03561b8a9392f38b8/Models/CubeVisibility
DamagedHelmet,glTF-Binary,rendered,,,,fitted,https://github.com/KhronosGroup/glTF-Sample-Assets/tree/c6a6bd13ab2b3c685c7903d03561b8a9392f38b8/Models/DamagedHelmet
DiffuseTransmissionPlant,glTF-Binary,rendered,,,,chase_firefly1,https://github.com/KhronosGroup/glTF-Sample-Assets/tree/c6a6bd13ab2b3c685c7903d03561b8a9392f38b8/Models/DiffuseTransmissionPlant
DiffuseTransmissionTeacup,glTF-Binary,rendered,,,,fitted,https://github.com/KhronosGroup/glTF-Sample-Assets/tree/c6a6bd13ab2b3c685c7903d03561b8a9392f38b8/Models/DiffuseTransmissionTeacup
DiffuseTransmissionTest,glTF-Binary,rendered,,,,fitted,https://github.com/KhronosGroup/glTF-Sample-Assets/tree/c6a6bd13ab2b3c685c7903d03561b8a9392f38b8/Models/DiffuseTransmissionTest
DirectionalLight,glTF-Binary,rendered,,,,Generated Camera,https://github.com/KhronosGroup/glTF-Sample-Assets/tree/c6a6bd13ab2b3c685c7903d03561b8a9392f38b8/Models/DirectionalLight
DispersionTest,glTF-Binary,rendered,,,,fitted,https://github.com/KhronosGroup/glTF-Sample-Assets/tree/c6a6bd13ab2b3c685c7903d03561b8a9392f38b8/Models/DispersionTest
DragonAttenuation,glTF-Binary,rendered,,,,fitted,https://github.com/KhronosGroup/glTF-Sample-Assets/tree/c6a6bd13ab2b3c685c7903d03561b8a9392f38b8/Models/DragonAttenuation
DragonDispersion,glTF-Binary,rendered,,,,fitted,https://github.com/KhronosGroup/glTF-Sample-Assets/tree/c6a6bd13ab2b3c685c7903d03561b8a9392f38b8/Models/DragonDispersion
Duck,glTF-Binary,rendered,,,,<unknown>,https://github.com/KhronosGroup/glTF-Sample-Assets/tree/c6a6bd13ab2b3c685c7903d03561b8a9392f38b8/Models/Duck
EmissiveStrengthTest,glTF-Binary,rendered,,,,fitted,https://github.com/KhronosGroup/glTF-Sample-Assets/tree/c6a6bd13ab2b3c685c7903d03561b8a9392f38b8/Models/EmissiveStrengthTest
EnvironmentTest,glTF,rendered,,,,render_camera_n3d,https://github.com/KhronosGroup/glTF-Sample-Assets/tree/c6a6bd13ab2b3c685c7903d03561b8a9392f38b8/Models/EnvironmentTest
FlightHelmet,glTF,rendered,,,,fitted,https://github.com/KhronosGroup/glTF-Sample-Assets/tree/c6a6bd13ab2b3c685c7903d03561b8a9392f38b8/Models/FlightHelmet
Fox,glTF-Binary,rendered,,,,fitted,https://github.com/KhronosGroup/glTF-Sample-Assets/tree/c6a6bd13ab2b3c685c7903d03561b8a9392f38b8/Models/Fox
GlamVelvetSofa,glTF-Binary,rendered,,,,fitted,https://github.com/KhronosGroup/glTF-Sample-Assets/tree/c6a6bd13ab2b3c685c7903d03561b8a9392f38b8/Models/GlamVelvetSofa
GlassBrokenWindow,glTF-Binary,rendered,,,,fitted,https://github.com/KhronosGroup/glTF-Sample-Assets/tree/c6a6bd13ab2b3c685c7903d03561b8a9392f38b8/Models/GlassBrokenWindow
GlassHurricaneCandleHolder,glTF-Binary,rendered,,,,fitted,https://github.com/KhronosGroup/glTF-Sample-Assets/tree/c6a6bd13ab2b3c685c7903d03561b8a9392f38b8/Models/GlassHurricaneCandleHolder
GlassVaseFlowers,glTF-Binary,rendered,,,,fitted,https://github.com/KhronosGroup/glTF-Sample-Assets/tree/c6a6bd13ab2b3c685c7903d03561b8a9392f38b8/Models/GlassVaseFlowers
IORTestGrid,glTF-Binary,rendered,,,,fitted,https://github.com/KhronosGroup/glTF-Sample-Assets/tree/c6a6bd13ab2b3c685c7903d03561b8a9392f38b8/Models/IORTestGrid
InterpolationTest,glTF-Binary,rendered,,,,fitted,https://github.com/KhronosGroup/glTF-Sample-Assets/tree/c6a6bd13ab2b3c685c7903d03561b8a9392f38b8/Models/InterpolationTest
IridescenceAbalone,glTF-Binary,rendered,,,,fitted,https://github.com/KhronosGroup/glTF-Sample-Assets/tree/c6a6bd13ab2b3c685c7903d03561b8a9392f38b8/Models/IridescenceAbalone
IridescenceDielectricSpheres,glTF,rendered,,,Filament fits thin-film Fresnel to a view-dependent F0; the direct diffuse lobe omits the extension's maximum-channel energy weighting. Reference-image parity is not established.,fitted,https://github.com/KhronosGroup/glTF-Sample-Assets/tree/c6a6bd13ab2b3c685c7903d03561b8a9392f38b8/Models/IridescenceDielectricSpheres
IridescenceLamp,glTF-Binary,rendered,,,,fitted,https://github.com/KhronosGroup/glTF-Sample-Assets/tree/c6a6bd13ab2b3c685c7903d03561b8a9392f38b8/Models/IridescenceLamp
IridescenceMetallicSpheres,glTF,rendered,,,,fitted,https://github.com/KhronosGroup/glTF-Sample-Assets/tree/c6a6bd13ab2b3c685c7903d03561b8a9392f38b8/Models/IridescenceMetallicSpheres
IridescenceSuzanne,glTF-Binary,rendered,,,,fitted,https://github.com/KhronosGroup/glTF-Sample-Assets/tree/c6a6bd13ab2b3c685c7903d03561b8a9392f38b8/Models/IridescenceSuzanne
IridescentDishWithOlives,glTF-Binary,rendered,,,,Camera001,https://github.com/KhronosGroup/glTF-Sample-Assets/tree/c6a6bd13ab2b3c685c7903d03561b8a9392f38b8/Models/IridescentDishWithOlives
Lantern,glTF-Binary,rendered,,,,fitted,https://github.com/KhronosGroup/glTF-Sample-Assets/tree/c6a6bd13ab2b3c685c7903d03561b8a9392f38b8/Models/Lantern
LightVisibility,glTF-Binary,rendered,,,,fitted,https://github.com/KhronosGroup/glTF-Sample-Assets/tree/c6a6bd13ab2b3c685c7903d03561b8a9392f38b8/Models/LightVisibility
LightsPunctualLamp,glTF-Binary,rendered,,,,fitted,https://github.com/KhronosGroup/glTF-Sample-Assets/tree/c6a6bd13ab2b3c685c7903d03561b8a9392f38b8/Models/LightsPunctualLamp
MandarinOrange,glTF,rendered,,,,fitted,https://github.com/KhronosGroup/glTF-Sample-Assets/tree/c6a6bd13ab2b3c685c7903d03561b8a9392f38b8/Models/MandarinOrange
MaterialsVariantsShoe,glTF-Binary,rendered,,,,fitted,https://github.com/KhronosGroup/glTF-Sample-Assets/tree/c6a6bd13ab2b3c685c7903d03561b8a9392f38b8/Models/MaterialsVariantsShoe
MeshPrimitiveModes,glTF,rendered,,,,fitted,https://github.com/KhronosGroup/glTF-Sample-Assets/tree/c6a6bd13ab2b3c685c7903d03561b8a9392f38b8/Models/MeshPrimitiveModes
MeshoptCubeTest,glTF,rendered,,,,fitted,https://github.com/KhronosGroup/glTF-Sample-Assets/tree/c6a6bd13ab2b3c685c7903d03561b8a9392f38b8/Models/MeshoptCubeTest
MetalRoughSpheres,glTF-Binary,rendered,,,,fitted,https://github.com/KhronosGroup/glTF-Sample-Assets/tree/c6a6bd13ab2b3c685c7903d03561b8a9392f38b8/Models/MetalRoughSpheres
MetalRoughSpheresNoTextures,glTF-Binary,rendered,,,,fitted,https://github.com/KhronosGroup/glTF-Sample-Assets/tree/c6a6bd13ab2b3c685c7903d03561b8a9392f38b8/Models/MetalRoughSpheresNoTextures
MorphPrimitivesTest,glTF-Binary,rendered,,,,fitted,https://github.com/KhronosGroup/glTF-Sample-Assets/tree/c6a6bd13ab2b3c685c7903d03561b8a9392f38b8/Models/MorphPrimitivesTest
MorphStressTest,glTF-Binary,rendered,,,,fitted,https://github.com/KhronosGroup/glTF-Sample-Assets/tree/c6a6bd13ab2b3c685c7903d03561b8a9392f38b8/Models/MorphStressTest
MosquitoInAmber,glTF-Binary,rendered,,,,fitted,https://github.com/KhronosGroup/glTF-Sample-Assets/tree/c6a6bd13ab2b3c685c7903d03561b8a9392f38b8/Models/MosquitoInAmber
MultiUVTest,glTF-Binary,rendered,,,,Correction_Camera,https://github.com/KhronosGroup/glTF-Sample-Assets/tree/c6a6bd13ab2b3c685c7903d03561b8a9392f38b8/Models/MultiUVTest
MultipleScenes,glTF,rendered,,,,fitted,https://github.com/KhronosGroup/glTF-Sample-Assets/tree/c6a6bd13ab2b3c685c7903d03561b8a9392f38b8/Models/MultipleScenes
NegativeScaleTest,glTF-Binary,rendered,,,,fitted,https://github.com/KhronosGroup/glTF-Sample-Assets/tree/c6a6bd13ab2b3c685c7903d03561b8a9392f38b8/Models/NegativeScaleTest
NodePerformanceTest,glTF-Binary,rendered,,,,Camera,https://github.com/KhronosGroup/glTF-Sample-Assets/tree/c6a6bd13ab2b3c685c7903d03561b8a9392f38b8/Models/NodePerformanceTest
NodeVisibilityTest,glTF-Binary,rendered,,,,fitted,https://github.com/KhronosGroup/glTF-Sample-Assets/tree/c6a6bd13ab2b3c685c7903d03561b8a9392f38b8/Models/NodeVisibilityTest
NormalTangentMirrorTest,glTF-Binary,rendered,,,,fitted,https://github.com/KhronosGroup/glTF-Sample-Assets/tree/c6a6bd13ab2b3c685c7903d03561b8a9392f38b8/Models/NormalTangentMirrorTest
NormalTangentTest,glTF-Binary,rendered,,,,fitted,https://github.com/KhronosGroup/glTF-Sample-Assets/tree/c6a6bd13ab2b3c685c7903d03561b8a9392f38b8/Models/NormalTangentTest
OrientationTest,glTF-Binary,rendered,,,,fitted,https://github.com/KhronosGroup/glTF-Sample-Assets/tree/c6a6bd13ab2b3c685c7903d03561b8a9392f38b8/Models/OrientationTest
PlaysetLightTest,glTF-Binary,rendered,,,,Camera,https://github.com/KhronosGroup/glTF-Sample-Assets/tree/c6a6bd13ab2b3c685c7903d03561b8a9392f38b8/Models/PlaysetLightTest
PointLightIntensityTest,glTF-Binary,rendered,,,,fitted,https://github.com/KhronosGroup/glTF-Sample-Assets/tree/c6a6bd13ab2b3c685c7903d03561b8a9392f38b8/Models/PointLightIntensityTest
PotOfCoals,glTF-Binary,rendered,,,,fitted,https://github.com/KhronosGroup/glTF-Sample-Assets/tree/c6a6bd13ab2b3c685c7903d03561b8a9392f38b8/Models/PotOfCoals
PotOfCoalsAnimationPointer,glTF-Binary,rendered,,,,fitted,https://github.com/KhronosGroup/glTF-Sample-Assets/tree/c6a6bd13ab2b3c685c7903d03561b8a9392f38b8/Models/PotOfCoalsAnimationPointer
PrimitiveModeNormalsTest,glTF,rendered,,,,fitted,https://github.com/KhronosGroup/glTF-Sample-Assets/tree/c6a6bd13ab2b3c685c7903d03561b8a9392f38b8/Models/PrimitiveModeNormalsTest
RecursiveSkeletons,glTF-Binary,rendered,,,,fitted,https://github.com/KhronosGroup/glTF-Sample-Assets/tree/c6a6bd13ab2b3c685c7903d03561b8a9392f38b8/Models/RecursiveSkeletons
RiggedFigure,glTF-Binary,rendered,,,,fitted,https://github.com/KhronosGroup/glTF-Sample-Assets/tree/c6a6bd13ab2b3c685c7903d03561b8a9392f38b8/Models/RiggedFigure
RiggedSimple,glTF-Binary,rendered,,,,fitted,https://github.com/KhronosGroup/glTF-Sample-Assets/tree/c6a6bd13ab2b3c685c7903d03561b8a9392f38b8/Models/RiggedSimple
ScatteringSkull,glTF-Binary,rendered,,Unsupported glTF extension: KHR_materials_volume_scatter,Volume scattering is ignored; diffuse transmission uses local thickness and absorption only.,fitted,https://github.com/KhronosGroup/glTF-Sample-Assets/tree/c6a6bd13ab2b3c685c7903d03561b8a9392f38b8/Models/ScatteringSkull
SciFiHelmet,glTF,rendered,,,,fitted,https://github.com/KhronosGroup/glTF-Sample-Assets/tree/c6a6bd13ab2b3c685c7903d03561b8a9392f38b8/Models/SciFiHelmet
SheenChair,glTF-Binary,rendered,,,,fitted,https://github.com/KhronosGroup/glTF-Sample-Assets/tree/c6a6bd13ab2b3c685c7903d03561b8a9392f38b8/Models/SheenChair
SheenCloth,glTF,rendered,,,,fitted,https://github.com/KhronosGroup/glTF-Sample-Assets/tree/c6a6bd13ab2b3c685c7903d03561b8a9392f38b8/Models/SheenCloth
SheenTestGrid,glTF-Binary,rendered,,,,fitted,https://github.com/KhronosGroup/glTF-Sample-Assets/tree/c6a6bd13ab2b3c685c7903d03561b8a9392f38b8/Models/SheenTestGrid
SheenWoodLeatherSofa,glTF-Binary,rendered,,,,fitted,https://github.com/KhronosGroup/glTF-Sample-Assets/tree/c6a6bd13ab2b3c685c7903d03561b8a9392f38b8/Models/SheenWoodLeatherSofa
SimpleInstancing,glTF-Binary,rendered,,,Instance transforms expand into mesh-sharing child nodes; GPU draw batching is not implemented.,fitted,https://github.com/KhronosGroup/glTF-Sample-Assets/tree/c6a6bd13ab2b3c685c7903d03561b8a9392f38b8/Models/SimpleInstancing
SimpleMaterial,glTF,rendered,,,,fitted,https://github.com/KhronosGroup/glTF-Sample-Assets/tree/c6a6bd13ab2b3c685c7903d03561b8a9392f38b8/Models/SimpleMaterial
SimpleMeshes,glTF,rendered,,,,fitted,https://github.com/KhronosGroup/glTF-Sample-Assets/tree/c6a6bd13ab2b3c685c7903d03561b8a9392f38b8/Models/SimpleMeshes
SimpleMorph,glTF,rendered,,,,fitted,https://github.com/KhronosGroup/glTF-Sample-Assets/tree/c6a6bd13ab2b3c685c7903d03561b8a9392f38b8/Models/SimpleMorph
SimpleSkin,glTF,rendered,,,,fitted,https://github.com/KhronosGroup/glTF-Sample-Assets/tree/c6a6bd13ab2b3c685c7903d03561b8a9392f38b8/Models/SimpleSkin
SimpleSparseAccessor,glTF,rendered,,,,fitted,https://github.com/KhronosGroup/glTF-Sample-Assets/tree/c6a6bd13ab2b3c685c7903d03561b8a9392f38b8/Models/SimpleSparseAccessor
SimpleTexture,glTF,rendered,,,,fitted,https://github.com/KhronosGroup/glTF-Sample-Assets/tree/c6a6bd13ab2b3c685c7903d03561b8a9392f38b8/Models/SimpleTexture
SpecGlossVsMetalRough,glTF-Binary,rendered,,,,fitted,https://github.com/KhronosGroup/glTF-Sample-Assets/tree/c6a6bd13ab2b3c685c7903d03561b8a9392f38b8/Models/SpecGlossVsMetalRough
SpecularSilkPouf,glTF-Binary,rendered,,,,fitted,https://github.com/KhronosGroup/glTF-Sample-Assets/tree/c6a6bd13ab2b3c685c7903d03561b8a9392f38b8/Models/SpecularSilkPouf
SpecularTest,glTF-Binary,rendered,,,,fitted,https://github.com/KhronosGroup/glTF-Sample-Assets/tree/c6a6bd13ab2b3c685c7903d03561b8a9392f38b8/Models/SpecularTest
Sponza,glTF,rendered,,,,fitted,https://github.com/KhronosGroup/glTF-Sample-Assets/tree/c6a6bd13ab2b3c685c7903d03561b8a9392f38b8/Models/Sponza
StainedGlassLamp,glTF,rendered,,,,fitted,https://github.com/KhronosGroup/glTF-Sample-Assets/tree/c6a6bd13ab2b3c685c7903d03561b8a9392f38b8/Models/StainedGlassLamp
SunglassesKhronos,glTF-Binary,rendered,,,,fitted,https://github.com/KhronosGroup/glTF-Sample-Assets/tree/c6a6bd13ab2b3c685c7903d03561b8a9392f38b8/Models/SunglassesKhronos
Suzanne,glTF,rendered,,,,fitted,https://github.com/KhronosGroup/glTF-Sample-Assets/tree/c6a6bd13ab2b3c685c7903d03561b8a9392f38b8/Models/Suzanne
TextureCoordinateTest,glTF-Binary,rendered,,,,fitted,https://github.com/KhronosGroup/glTF-Sample-Assets/tree/c6a6bd13ab2b3c685c7903d03561b8a9392f38b8/Models/TextureCoordinateTest
TextureEncodingTest,glTF-Binary,rendered,,,,fitted,https://github.com/KhronosGroup/glTF-Sample-Assets/tree/c6a6bd13ab2b3c685c7903d03561b8a9392f38b8/Models/TextureEncodingTest
TextureLinearInterpolationTest,glTF-Binary,rendered,,,,fitted,https://github.com/KhronosGroup/glTF-Sample-Assets/tree/c6a6bd13ab2b3c685c7903d03561b8a9392f38b8/Models/TextureLinearInterpolationTest
TextureSettingsTest,glTF-Binary,rendered,,,,fitted,https://github.com/KhronosGroup/glTF-Sample-Assets/tree/c6a6bd13ab2b3c685c7903d03561b8a9392f38b8/Models/TextureSettingsTest
TextureTransformMultiTest,glTF-Binary,rendered,,,,fitted,https://github.com/KhronosGroup/glTF-Sample-Assets/tree/c6a6bd13ab2b3c685c7903d03561b8a9392f38b8/Models/TextureTransformMultiTest
TextureTransformTest,glTF,rendered,,,,fitted,https://github.com/KhronosGroup/glTF-Sample-Assets/tree/c6a6bd13ab2b3c685c7903d03561b8a9392f38b8/Models/TextureTransformTest
ToyCar,glTF-Binary,rendered,,,,Camera001,https://github.com/KhronosGroup/glTF-Sample-Assets/tree/c6a6bd13ab2b3c685c7903d03561b8a9392f38b8/Models/ToyCar
TrafficCone,glTF,rendered,,Unsupported glTF extension: KHR_materials_retroreflection,Retroreflection is ignored; the cones use ordinary specular reflection.,Camera,https://github.com/KhronosGroup/glTF-Sample-Assets/tree/c6a6bd13ab2b3c685c7903d03561b8a9392f38b8/Models/TrafficCone
TransmissionOrderTest,glTF-Binary,rendered,,,,fitted,https://github.com/KhronosGroup/glTF-Sample-Assets/tree/c6a6bd13ab2b3c685c7903d03561b8a9392f38b8/Models/TransmissionOrderTest
TransmissionRoughnessTest,glTF-Binary,rendered,,,,fitted,https://github.com/KhronosGroup/glTF-Sample-Assets/tree/c6a6bd13ab2b3c685c7903d03561b8a9392f38b8/Models/TransmissionRoughnessTest
TransmissionTest,glTF-Binary,rendered,,,,render_camera_n3d,https://github.com/KhronosGroup/glTF-Sample-Assets/tree/c6a6bd13ab2b3c685c7903d03561b8a9392f38b8/Models/TransmissionTest
TransmissionThinwallTestGrid,glTF-Binary,rendered,,,,fitted,https://github.com/KhronosGroup/glTF-Sample-Assets/tree/c6a6bd13ab2b3c685c7903d03561b8a9392f38b8/Models/TransmissionThinwallTestGrid
Triangle,glTF,rendered,,,,fitted,https://github.com/KhronosGroup/glTF-Sample-Assets/tree/c6a6bd13ab2b3c685c7903d03561b8a9392f38b8/Models/Triangle
TriangleWithoutIndices,glTF,rendered,,,,fitted,https://github.com/KhronosGroup/glTF-Sample-Assets/tree/c6a6bd13ab2b3c685c7903d03561b8a9392f38b8/Models/TriangleWithoutIndices
TwoSidedPlane,glTF,rendered,,,,fitted,https://github.com/KhronosGroup/glTF-Sample-Assets/tree/c6a6bd13ab2b3c685c7903d03561b8a9392f38b8/Models/TwoSidedPlane
USDShaderBallForGltf,glTF-Binary,rendered,,,,fitted,https://github.com/KhronosGroup/glTF-Sample-Assets/tree/c6a6bd13ab2b3c685c7903d03561b8a9392f38b8/Models/USDShaderBallForGltf
Unicode❤♻Test,glTF-Binary,rendered,,,,fitted,https://github.com/KhronosGroup/glTF-Sample-Assets/tree/c6a6bd13ab2b3c685c7903d03561b8a9392f38b8/Models/Unicode❤♻Test
UnlitTest,glTF-Binary,rendered,,,,fitted,https://github.com/KhronosGroup/glTF-Sample-Assets/tree/c6a6bd13ab2b3c685c7903d03561b8a9392f38b8/Models/UnlitTest
VertexColorTest,glTF-Binary,rendered,,,,fitted,https://github.com/KhronosGroup/glTF-Sample-Assets/tree/c6a6bd13ab2b3c685c7903d03561b8a9392f38b8/Models/VertexColorTest
VirtualCity,glTF-Binary,rendered,,,,fitted,https://github.com/KhronosGroup/glTF-Sample-Assets/tree/c6a6bd13ab2b3c685c7903d03561b8a9392f38b8/Models/VirtualCity
WaterBottle,glTF-Binary,rendered,,,,fitted,https://github.com/KhronosGroup/glTF-Sample-Assets/tree/c6a6bd13ab2b3c685c7903d03561b8a9392f38b8/Models/WaterBottle
XmpMetadataRoundedCube,glTF-Binary,rendered,,,,fitted,https://github.com/KhronosGroup/glTF-Sample-Assets/tree/c6a6bd13ab2b3c685c7903d03561b8a9392f38b8/Models/XmpMetadataRoundedCube
